{
    "accuracy": 0.8156424581005587,
    "precision": 0.8,
    "recall": 0.6956521739130435
}