{
    "accuracy": 0.8100558659217877,
    "precision": 0.7692307692307693,
    "recall": 0.7246376811594203
}